{"cameraMode":{"drawMode":0,"name":"Shaded","section":"Shading Mode"},"sceneLighting":false,"audioPlay":false,"sceneViewState":{"m_AlwaysRefresh":false,"showFog":true,"showSkybox":false,"showFlares":true,"showImageEffects":true,"showParticleSystems":true,"showVisualEffectGraphs":true,"m_FxEnabled":true},"in2DMode":false,"pivot":{"x":1.1872873306274415,"y":2.4961400032043459,"z":-0.1430368721485138},"rotation":{"x":0.24960008263587953,"y":0.35231679677963259,"z":-0.0980762466788292,"w":0.8966370820999146},"size":6.035123825073242,"orthographic":true}