{"cameraMode":{"drawMode":0,"name":"Shaded","section":"Shading Mode"},"sceneLighting":false,"audioPlay":false,"sceneViewState":{"m_AlwaysRefresh":false,"showFog":true,"showSkybox":false,"showFlares":true,"showImageEffects":true,"showParticleSystems":true,"showVisualEffectGraphs":true,"m_FxEnabled":true},"in2DMode":false,"pivot":{"x":1.1872873306274415,"y":2.4961400032043459,"z":-0.1430368721485138},"rotation":{"x":0.13417169451713563,"y":0.6374601721763611,"z":-0.11402381956577301,"w":0.7500989437103272},"size":4.835123062133789,"orthographic":false}