{"cameraMode":{"drawMode":0,"name":"Shaded","section":"Shading Mode"},"sceneLighting":true,"audioPlay":false,"sceneViewState":{"m_AlwaysRefresh":false,"showFog":true,"showSkybox":true,"showFlares":true,"showImageEffects":true,"showParticleSystems":true,"showVisualEffectGraphs":true,"m_FxEnabled":true},"in2DMode":false,"pivot":{"x":32.80985641479492,"y":-22.05377769470215,"z":38.73704147338867},"rotation":{"x":-0.15160776674747468,"y":-0.05097351223230362,"z":0.007827053777873516,"w":-0.9870989322662354},"size":43.349708557128909,"orthographic":false}