{"cameraMode":{"drawMode":0,"name":"Shaded","section":"Shading Mode"},"sceneLighting":false,"audioPlay":false,"sceneViewState":{"m_AlwaysRefresh":false,"showFog":true,"showSkybox":false,"showFlares":true,"showImageEffects":true,"showParticleSystems":true,"showVisualEffectGraphs":true,"m_FxEnabled":true},"in2DMode":false,"pivot":{"x":0.25224238634109499,"y":0.6150826215744019,"z":0.5096427202224731},"rotation":{"x":0.1756467968225479,"y":0.8135685324668884,"z":-0.3118155598640442,"w":0.45828673243522646},"size":1.6902388334274293,"orthographic":false}